Country,Year,PredictedDebtPercentGDP
Germany,2024,20.8541847518408
Germany,2025,20.8541847518408
Germany,2026,20.8541847518408
Germany,2027,20.8541847518408
Germany,2028,20.8541847518408
